devicenum,organization,organizationdevicenum,site,address,longitude,latitude,uniqueidentifier,stathingid,stadatastreamid,iotdeviceid,iotprimarythumbnail,iotsecondarythumbnail,mqttgateway,mqttgroup,locname,locdesc,thname,thdesc,thnetid,thdeploytime,createFoi,dssensorid,dsobspropertyid,dsname,dsdesc,dsmunit,dsmsymbol,dsmdefinition,dsobstype
1,LDEQ,1,Lafayette Air Quality Monitor,"700 Cajundome Blvd, Lafayette, LA 70506",-92.042776,30.225876,,,,,,,0,1,,,,,,,,,,,,,,,
2,UniversityOfLafayette,1,Research Park - CGI,"538 Cajundome Blvd, Lafayette, LA 70506",-92.0421154,30.2210853,,,,,,,0,2,,,,,,,,,,,,,,,
3,UniversityOfLafayette,2,Main Campus - Rex Street Bus Stop on Main Campus,"110 Rex Street, Lafayette, LA 70503",-92.0212109,30.212946,,,,,,,0,2,,,,,,,,,,,,,,,
4,UniversityOfLafayette,3,Main Campus - Taft Street Parking Garage,"714 W. Taft St. Lafayette, LA 70503",-92.0159061,30.2108141,,,,,,,0,2,,,,,,,,,,,,,,,
5,UniversityOfLafayette,4,Main Campus - Stokes Hall Parking Garage,"311 East Lewis St. Lafayette, LA 70503",-92.0219189,30.209433,,,,,,,0,2,,,,,,,,,,,,,,,
6,UniversityOfLafayette,5,Main Campus - Olivier Oarking Garage,"619 McKinley St. Lafayette, LA 70504",-92.0163517,30.2118751,,,,,,,0,2,,,,,,,,,,,,,,,
7,UniversityOfLafayette,6,Main Campus - UL Child Devleopment Center,"160 East Lewis Lafayette, LA 70504",-92.0238514,30.2108826,,,,,,,0,2,,,,,,,,,,,,,,,
8,UniversityOfLafayette,7,Ecology Center,"703 Thoroughbred Drive Lafayette, LA 70507",-92.009432,30.30477,,,,,,,0,2,,,,,,,,,,,,,,,
9,UniversityOfLafayette,8,Ecology Center,"704 Thoroughbred Drive Lafayette, LA 70507",-92.0097669,30.304188,,,,,,,0,2,,,,,,,,,,,,,,,
10,UniversityOfLafayette,9,Cade Farm,"1177 W.J. Bernard Rd. St. Martinville, LA 70582",-91.8698593,30.0935224,,,,,,,0,2,,,,,,,,,,,,,,,
11,UniversityOfLafayette,10,"Cajun Field Bus Stop, North",,-92.041271,30.217026,,,,,,,0,2,,,,,,,,,,,,,,,
12,UniversityOfLafayette,11,"Cajun Field Bus Stop, South and Bikeshare",,-92.040324,30.215977,,,,,,,0,2,,,,,,,,,,,,,,,
13,UniversityOfLafayette,12,Student Union Bus Stop,MCKinley Street at E Saint Mary Blvd,-92.01661,30.212635,,,,,,,0,2,,,,,,,,,,,,,,,
14,UniversityOfLafayette,13,Cypress Lake,,-92.017597,30.213228,,,,,,,0,2,,,,,,,,,,,,,,,
15,UniversityOfLafayette,14,Quadrangle,,-92.020041,30.214703,,,,,,,0,2,,,,,,,,,,,,,,,
16,UniversityOfLafayette,15,Pedestrian Area near Zeus Cafe,,-92.021214,30.210447,,,,,,,0,2,,,,,,,,,,,,,,,
17,UniversityOfLafayette,16,Cleco Energy Center,"2008 W Hutchinson Ave, Crowley, LA 70526",-92.397071,30.20499,,,,,,,0,2,,,,,,,,,,,,,,,
18,Lafayette Consolidated Government Offices,1,Rosa Parks Transportation Center,"101 Jefferson St. Lafayette, LA 70501",-92.0150064,30.2265078,,,,,,,0,3,,,,,,,,,,,,,,,
19,Lafayette Consolidated Government Offices,2,City Hall,"705 W. University Ave Lafayette, LA 70506",-92.0247327,30.2205459,,,,,,,0,3,,,,,,,,,,,,,,,
20,Lafayette Consolidated Government Offices,3,Public Works Building,"400 Dorset Ave. Lafayette, LA 70501",-92.003906,30.2114844,,,,,,,0,3,,,,,,,,,,,,,,,
21,Lafayette Consolidated Government Offices,4,Clifton Chenier Center,"705 W. University Ave Lafayette, LA 70506",-92.0247327,30.2205459,,,,,,,0,3,,,,,,,,,,,,,,,
22,Lafayette Consolidated Government Offices,5,LUS,"1314 Walker Rd, Lafayette, LA 70506-1100",-92.048464,30.23637,,,,,,,0,3,,,,,,,,,,,,,,,
23,Lafayette Consolidated Government Offices,6,Department of Environmental Quality,"400 Dugas Rd, Lafayette, LA",-92.061082,30.286297,,,,,,,0,3,,,,,,,,,,,,,,,
24,Lafayette Parks and Recreation,1,Golf Course (Domain Recreation Center),"901 Mudd Ave.,Lafayette, LA 70501  ",-92.006945,30.232954,,,,,,,0,4,,,,,,,,,,,,,,,
25,Lafayette Parks and Recreation,2,Deballion Park,"510 Saucier Pkwy.,Lafayette, LA 70506",-92.041737,30.240194,,,,,,,0,4,,,,,,,,,,,,,,,
26,Lafayette Parks and Recreation,3,Dorsey Park,"310 Cora St. ,Lafayette, LA 70501",-92.02586,30.246729,,,,,,,0,4,,,,,,,,,,,,,,,
27,Lafayette Parks and Recreation,4,Girard Park,"500 Girard Park DR.,Lafayette, LA 70503 ",-92.020024,30.206572,,,,,,,0,4,,,,,,,,,,,,,,,
28,Lafayette Parks and Recreation,5,Acadiana Park,"1005 E Alexander St.,Lafayette, LA 70501",-91.986715,30.257898,,,,,,,0,4,,,,,,,,,,,,,,,
29,Lafayette Parks and Recreation,6,Beaullieu Park,"411 W. Bluebird Dr.,Lafayette, LA 70508",-92.0335516,30.1530977,,,,,,,0,4,,,,,,,,,,,,,,,
30,Lafayette Parks and Recreation,7,Graham Brown Memorial Park,"1234 E. Pont des Mouton Rd.,Lafayette, LA 70507     ",-91.996503,30.271167,,,,,,,0,4,,,,,,,,,,,,,,,
31,Lafayette Parks and Recreation,8,Heymann Memorial Park,"1500 South Orange St.,Lafayette, LA 70501",-91.9964789,30.218949,,,,,,,0,4,,,,,,,,,,,,,,,
32,Lafayette Parks and Recreation,9,Thomas Park,"300 Geraldine Dr.,Lafayette, LA 70503",-92.062458,30.185403,,,,,,,0,4,,,,,,,,,,,,,,,
33,Lafayette Parks and Recreation,10,Neyland Park (Robichaux Rec. Center),,-92.071306,30.218739,,,,,,,0,4,,,,,,,,,,,,,,,
34,Lafayette Parks and Recreation,11,Pa Davis Park,"120 Dawn St.,Lafayette, LA 70501",-91.989146,30.225859,,,,,,,0,4,,,,,,,,,,,,,,,
35,Hospitals,1,Lafayette General Medical Center,"1214 Coolidge Street, Lafayette, LA 70503",-92.0195301,30.2024457,,,,,,,0,5,,,,,,,,,,,,,,,
36,Lafayette Public School System,1,STEM Academy (Middle),"805 Teurlings Drive, Lafayette, LA 70501",-91.990089,30.2483376,,,,,,,0,6,,,,,,,,,,,,,,,
37,Lafayette Public School System,2,Lafayette Middle ,"1301 W. University,  Lafayette, LA 70506",-92.028009,30.224604,,,,,,,0,6,,,,,,,,,,,,,,,
38,Lafayette Public School System,3,L. G. Alleman (Middle),"600 Roselawn Boulevard, Lafayette, LA 70503",-92.0424767,30.1913178,,,,,,,0,6,,,,,,,,,,,,,,,
39,Lafayette Public School System,4,Broadmoore Elementary  ,"609 Broadmoor Boulevard, Lafayette, La 70503",-92.0590503,30.1725249,,,,,,,0,6,,,,,,,,,,,,,,,
40,Lafayette Public School System,5,S. J. Montgomery (Elementary) ,"601 Foreman Drive,  Lafayette, LA 70501",-92.0599924,30.2114378,,,,,,,0,6,,,,,,,,,,,,,,,
41,Lafayette Public School System,6,Early College Academy,"320 Devalcourt, Lafayette, LA 70506",-92.054246,30.216481,,,,,,,0,6,,,,,,,,,,,,,,,
42,Lafayette Public School System,7,Evangeline Elementary ,"610 E. Butcher Switch, Lafayette, LA 70507",-92.0103741,30.2838258,,,,,,,0,6,,,,,,,,,,,,,,,
43,Lafayette Public School System,8,J. W. James ,"1500 W. Willow Street, Scott, LA 70583",-92.0442209,30.245616,,,,,,,0,6,,,,,,,,,,,,,,,
44,Lafayette Public School System,9,Truman Elementary,"200 Clara Street, Lafayette, LA 70501",-92.0320652,30.2485131,,,,,,,0,6,,,,,,,,,,,,,,,
45,Lafayette Public School System,10,Alice Boucher Elementary,"400 Patterson Street,  Lafayette, LA 70501",-92.019491,30.24932,,,,,,,0,6,,,,,,,,,,,,,,,
46,Intersections,1,PINHOOK @ SIMCOE,"2005,E Simcoe St,Lafayette,LA,US,70501",-91.995072,30.226246,,,,,,,0,7,,,,,,,,,,,,,,,
47,Intersections,2,SIMCOE @ 12TH,"1402,12th St,Lafayette,LA,US,70501",-91.99984,30.229605,,,,,,,0,7,,,,,,,,,,,,,,,
48,Intersections,3,SIMCOE @ JEFFERSON/SURREY,"801-815,LA-94,Lafayette,LA,US,70501",-92.007809,30.230583,,,,,,,0,7,,,,,,,,,,,,,,,
49,Intersections,4,MOSS @ SIMCOE,"701,E Simcoe St,Lafayette,LA,US,70501",-92.009086,30.230698,,,,,,,0,7,,,,,,,,,,,,,,,
50,Intersections,5,NB THRUWAY @ SIMCOE,"403,NE Evangeline Throughway,Lafayette,LA,US,70501",-92.01309,30.231028,,,,,,,0,7,,,,,,,,,,,,,,,
51,Intersections,6,SB THRUWAY @ SIMCOE,"313,E Simcoe St,Lafayette,LA,US,70501",-92.013766,30.231073,,,,,,,0,7,,,,,,,,,,,,,,,
52,Intersections,7,SIMCOE @ PIERCE,"299,W Simcoe St,Lafayette,LA,US,70501",-92.018806,30.230674,,,,,,,0,7,,,,,,,,,,,,,,,
53,Intersections,8,UNIVERSITY @ AGNES/SIMCOE,"1301-1399,W Simcoe St,Lafayette,LA,US,70501",-92.030451,30.229311,,,,,,,0,7,,,,,,,,,,,,,,,
54,Intersections,9,LOUISIANA @ CARMEL,"101,LA-94,Lafayette,LA,US,70501",-92.0023,30.234571,,,,,,,0,7,,,,,,,,,,,,,,,
55,Intersections,10,LOUISIANA @ MUDD,"1110,Louisiana Ave,Lafayette,LA,US,70501",-92.002689,30.231739,,,,,,,0,7,,,,,,,,,,,,,,,
56,Intersections,11,NB THRUWAY @ LOUISIANA,"208,Louisiana Ave,Lafayette,LA,US,70501",-92.009452,30.224875,,,,,,,0,7,,,,,,,,,,,,,,,
57,Intersections,12,SB THRUWAY @ JOHNSTON,"101,Louisiana Ave,Lafayette,LA,US,70501",-92.010323,30.22456,,,,,,,0,7,,,,,,,,,,,,,,,
58,Intersections,13,JOHNSTON @ CYPRESS/GARFIELD,"201,Johnston St,Lafayette,LA,US,70501",-92.014468,30.22438,,,,,,,0,7,,,,,,,,,,,,,,,
59,Intersections,14,JOHNSTON @ VERMILION,"499,US-167,Lafayette,LA,US,70501",-92.015281,30.223125,,,,,,,0,7,,,,,,,,,,,,,,,
60,Intersections,15,JOHNSTON @ MAIN,"700,US-167,Lafayette,LA,US,70501",-92.016019,30.22197,,,,,,,0,7,,,,,,,,,,,,,,,
61,Intersections,16,JOHNSTON @ JEFFERSON,"1100-1108,Jefferson St,Lafayette,LA,US,70501",-92.017208,30.220095,,,,,,,0,7,,,,,,,,,,,,,,,
62,Intersections,17,JOHNSTON @ UNIVERSITY,"101,LA-182,Lafayette,LA,US,70503",-92.019003,30.217274,,,,,,,0,7,,,,,,,,,,,,,,,
63,Intersections,18,JOHNSTON @ ST MARY,"1500,US-167,Lafayette,LA,US,70503",-92.021742,30.214487,,,,,,,0,7,,,,,,,,,,,,,,,
64,Intersections,19,JOHNSTON @ LEWIS,"1730-1798,US-167,Lafayette,LA,US,70503",-92.025426,30.212282,,,,,,,0,7,,,,,,,,,,,,,,,
65,Intersections,20,JOHNSTON @ ST JULIEN,"1998,US-167,Lafayette,LA,US,70503",-92.026909,30.21151,,,,,,,0,7,,,,,,,,,,,,,,,
66,Intersections,21,JOHNSTON @ COLLEGE,"2701,US-167,Lafayette,LA,US,70503",-92.038364,30.207271,,,,,,,0,7,,,,,,,,,,,,,,,
67,Intersections,22,JOHNSTON @ BERTRAND,"2898,US-167,Lafayette,LA,US,70503",-92.040778,30.205814,,,,,,,0,7,,,,,,,,,,,,,,,
68,Intersections,23,JOHNSTON @ VITAL/DOUCET,"3144-3198,US-167,Lafayette,LA,US,70503",-92.048881,30.203424,,,,,,,0,7,,,,,,,,,,,,,,,
69,Intersections,24,COLLEGE @ PINHOOK,"1631-1699,LA-3025,Lafayette,LA,US,70503",-92.015356,30.201021,,,,,,,0,7,,,,,,,,,,,,,,,
70,Intersections,25,COLLEGE @ COOLIDGE/BENDEL,"1404,S College Rd,Lafayette,LA,US,70503",-92.019356,30.20144,,,,,,,0,7,,,,,,,,,,,,,,,
71,Intersections,26,JOHNSTON @ ARNOULD,"3601,US-167,Lafayette,LA,US,70503",-92.05302,30.201925,,,,,,,0,7,,,,,,,,,,,,,,,
72,Intersections,27,JOHNSTON @ BRENTWOOD,"4200,Johnston St,Lafayette,LA,US,70503",-92.057046,30.196231,,,,,,,0,7,,,,,,,,,,,,,,,
73,Intersections,28,JOHNSTON @ GUILBEAU/CAMELLIA,"4405-4499,US-167,Lafayette,LA,US,70503",-92.058626,30.193735,,,,,,,0,7,,,,,,,,,,,,,,,
74,Intersections,29,JOHNSTON @ LANA,"4573-4603,US-167,Lafayette,LA,US,70503",-92.063576,30.188856,,,,,,,0,7,,,,,,,,,,,,,,,
75,Intersections,30,JOHNSTON @ RIDGE,"5403-5405,US-167,Lafayette,LA,US,70503",-92.071253,30.181366,,,,,,,0,7,,,,,,,,,,,,,,,
76,Intersections,31,JOHNSTON @ AMBASSADOR,"3501,LA-3073,Lafayette,LA,US,70503",-92.074486,30.178089,,,,,,,0,7,,,,,,,,,,,,,,,
77,Intersections,32,THRUWAY @ SURREY/UNIVERSITY,"1806,LA 728-8,Lafayette,LA,US,70508",-91.99952,30.209169,,,,,,,0,7,,,,,,,,,,,,,,,
78,Intersections,33,THRUWAY @ PINHOOK,"1401-1407,US-90,Lafayette,LA,US,70501",-92.004668,30.21769,,,,,,,0,7,,,,,,,,,,,,,,,
79,Intersections,34,SURREY @ BLUE BLVD,"1726-1798,LA 728-8,Lafayette,LA,US,70508",-91.995171,30.210632,,,,,,,0,7,,,,,,,,,,,,,,,
80,Intersections,35,NB THRUWAY @ 12TH,"815-899,US-90,Lafayette,LA,US,70501",-92.008184,30.222501,,,,,,,0,7,,,,,,,,,,,,,,,
81,Intersections,36,NB THRUWAY @ JEFFERSON,"401-415,Jefferson Blvd,Lafayette,LA,US,70501",-92.011668,30.229022,,,,,,,0,7,,,,,,,,,,,,,,,
82,Intersections,37,NB THRUWAY @ 3RD,"37,US-167,Lafayette,LA,US,70501",-92.01214,30.229874,,,,,,,0,7,,,,,,,,,,,,,,,
83,Intersections,38,NB THRUWAY @ MUDD,"608,US-167,Lafayette,LA,US,70501",-92.012778,30.232959,,,,,,,0,7,,,,,,,,,,,,,,,
84,Intersections,39,NB THRUWAY @ WILLOW,"101,E Willow St,Lafayette,LA,US,70501",-92.011811,30.244646,,,,,,,0,7,,,,,,,,,,,,,,,
85,Intersections,40,SB THRUWAY @ WILLOW,,-92.013375,30.244843,,,,,,,0,7,,,,,,,,,,,,,,,
86,Intersections,41,SB THRUWAY @ MUDD,"600,US-167,Lafayette,LA,US,70501",-92.014062,30.233118,,,,,,,0,7,,,,,,,,,,,,,,,
87,Intersections,42,SB THRUWAY @ 3RD,"301,E 3rd St,Lafayette,LA,US,70501",-92.01298,30.229514,,,,,,,0,7,,,,,,,,,,,,,,,
88,Intersections,43,SB THRUWAY @ JEFFERSON,"301,Jefferson Blvd,Lafayette,LA,US,70501",-92.012525,30.228667,,,,,,,0,7,,,,,,,,,,,,,,,
89,Intersections,44,LOUISIANA @ ARDOIN DR (TARGET),"22201-22491,Pine Hill Cemetery Rd,Iowa,LA,US,70647",-92.992489,30.263788,,,,,,,0,7,,,,,,,,,,,,,,,
90,Intersections,45,PINHOOK @ SURREY,"1108-1198,LA 728-8,Lafayette,LA,US,70501",-91.998204,30.223605,,,,,,,0,7,,,,,,,,,,,,,,,
91,Intersections,46,PINHOOK @ GENERAL MOUTON,"200,W Pinhook Rd,Lafayette,LA,US,70501",-92.008606,30.212457,,,,,,,0,7,,,,,,,,,,,,,,,
92,Intersections,47,PINHOOK @ UNIVERSITY,"400-440,LA-182,Lafayette,LA,US,70503",-92.009791,30.210532,,,,,,,0,7,,,,,,,,,,,,,,,
93,Intersections,48,PINHOOK @ ST MARY,"700-748,LA-182,Lafayette,LA,US,70503",-92.011829,30.207011,,,,,,,0,7,,,,,,,,,,,,,,,
94,Intersections,49,UNIVERSITY @ TAFT,"703,E University Ave,Lafayette,LA,US,70503",-92.01316,30.212951,,,,,,,0,7,,,,,,,,,,,,,,,
95,Intersections,50,UNIVERSITY @ MCKINLEY,"501,E University Ave,Lafayette,LA,US,70503",-92.0149,30.214241,,,,,,,0,7,,,,,,,,,,,,,,,
96,Intersections,51,COLLEGE @ W BAYOU PKWY,"1198,LA-3025,Lafayette,LA,US,70503",-92.026544,30.199146,,,,,,,0,7,,,,,,,,,,,,,,,
97,Intersections,52,CONGRESS @ ST MARY,"1600,W St Mary Blvd,Lafayette,LA,US,70506",-92.031724,30.224463,,,,,,,0,7,,,,,,,,,,,,,,,
98,Intersections,53,CAJUNDOME @ SOUVENIR GATE,"201,Reinhardt Dr,Lafayette,LA,US,70506",-92.03898,30.216354,,,,,,,0,7,,,,,,,,,,,,,,,
99,Intersections,54,CONGRESS @ FOREMAN,,-92.056521,30.207291,,,,,,,0,7,,,,,,,,,,,,,,,
100,Intersections,55,CONGRESS @ LAFAYETTE,"460-498,W Congress St,Lafayette,LA,US,70501",-92.020796,30.226938,,,,,,,0,7,,,,,,,,,,,,,,,
101,Intersections,56,MOSS @ PONT DES MOUTON,"500,E Pont Des Mouton Rd,Lafayette,LA,US,70507",-92.008121,30.273035,,,,,,,0,7,,,,,,,,,,,,,,,
102,Intersections,57,MOSS @ ALEXANDER,"2527,Moss St,Lafayette,LA,US,70501",-92.005487,30.255597,,,,,,,0,7,,,,,,,,,,,,,,,
103,Intersections,58,MOSS @ PINE,"100,E Pine St,Lafayette,LA,US,70501",-92.006191,30.246141,,,,,,,0,7,,,,,,,,,,,,,,,
104,Intersections,59,MOSS @ WILLOW,"348-398,E Willow St,Lafayette,LA,US,70501",-92.006362,30.243787,,,,,,,0,7,,,,,,,,,,,,,,,
105,Intersections,60,MOSS @ MUDD,"801,Mudd Ave,Lafayette,LA,US,70501",-92.008756,30.232478,,,,,,,0,7,,,,,,,,,,,,,,,
106,Intersections,61,JEFFERSON @ CYPRESS,"103,E Cypress St,Lafayette,LA,US,70501",-92.01576,30.227292,,,,,,,0,7,,,,,,,,,,,,,,,
107,Intersections,62,JEFFERSON @ GARFIELD,"323,Jefferson St,Lafayette,LA,US,70501",-92.01739,30.226603,,,,,,,0,7,,,,,,,,,,,,,,,
108,Intersections,63,JEFFERSON @ CONGRESS,"433-499,Jefferson St,Lafayette,LA,US,70501",-92.018336,30.225698,,,,,,,0,7,,,,,,,,,,,,,,,
109,Intersections,64,JEFFERSON @ VERMILION,"109,E Vermilion St,Lafayette,LA,US,70501",-92.018776,30.224074,,,,,,,0,7,,,,,,,,,,,,,,,
110,Intersections,65,UNIVERSITY @ LEE,"1255-1299,Lee Ave,Lafayette,LA,US,70501",-92.020661,30.21856,,,,,,,0,7,,,,,,,,,,,,,,,
111,Intersections,66,BERTRAND @ BANKS,"136,Banks Ave,Lafayette,LA,US,70506",-92.060736,30.22712,,,,,,,0,7,,,,,,,,,,,,,,,
112,Intersections,67,UNIVERSITY @ ST JOHN/ST LANDRY,"518,W University Ave,Lafayette,LA,US,70506",-92.022768,30.220144,,,,,,,0,7,,,,,,,,,,,,,,,
113,Intersections,68,UNIVERSITY @ CONGRESS,"1229-1299,W Congress St,Lafayette,LA,US,70501",-92.028279,30.226078,,,,,,,0,7,,,,,,,,,,,,,,,
114,Intersections,69,UNIVERSITY @ CAMERON,"1507,Cameron St,Lafayette,LA,US,70506",-92.03234,30.232349,,,,,,,0,7,,,,,,,,,,,,,,,
115,Intersections,70,UNIVERSITY @ MADELINE,"716,N University Ave,Lafayette,LA,US,70506",-92.03241,30.239067,,,,,,,0,7,,,,,,,,,,,,,,,
116,Intersections,71,CAMERON @ ST JOHN,"698,US-90,Lafayette,LA,US,70501",-92.022838,30.231856,,,,,,,0,7,,,,,,,,,,,,,,,
117,Intersections,72,CAMERON @ PIERCE,"299,US-90,Lafayette,LA,US,70501",-92.019091,30.233132,,,,,,,0,7,,,,,,,,,,,,,,,
118,Intersections,73,CAMERON @ ST ANTOINE,"898,US-90,Lafayette,LA,US,70501",-92.024939,30.23197,,,,,,,0,7,,,,,,,,,,,,,,,
119,Intersections,74,COLLEGE @ BERTRAND/REINHARDT,"701-735,LA-3025,Lafayette,LA,US,70506",-92.045385,30.212553,,,,,,,0,7,,,,,,,,,,,,,,,
120,Intersections,75,ERASTE LANDRY @ N BERTRAND,"1560-1598,LA-3025,Lafayette,LA,US,70506",-92.052413,30.224725,,,,,,,0,7,,,,,,,,,,,,,,,
121,Intersections,76,BERTRAND @ CONGRESS,"2402,W Congress St,Lafayette,LA,US,70506",-92.046926,30.214905,,,,,,,0,7,,,,,,,,,,,,,,,
122,Intersections,77,CONGRESS @ ST JOHN,"612,W Congress St,Lafayette,LA,US,70501",-92.02285,30.226984,,,,,,,0,7,,,,,,,,,,,,,,,
123,Intersections,78,PINHOOK @ KALISTE SALOOM,"101,E Kaliste Saloom Rd,Lafayette,LA,US,70508",-92.014069,30.188609,,,,,,,0,7,,,,,,,,,,,,,,,
124,Intersections,79,UNIVERSITY @ VERSAILLES,"360-398,Versailles Blvd,Lafayette,LA,US,70501",-92.02728,30.224666,,,,,,,0,7,,,,,,,,,,,,,,,
125,Intersections,80,VERMILION @ LAFAYETTE,"211,W Vermilion St,Lafayette,LA,US,70501",-92.020776,30.224071,,,,,,,0,7,,,,,,,,,,,,,,,
126,Intersections,81,BUCHANAN @ VERMILION,"699,S Buchanan St,Lafayette,LA,US,70501",-92.019788,30.224082,,,,,,,0,7,,,,,,,,,,,,,,,
127,Intersections,82,PINHOOK @ AUDUBON/RIVER RD,"1115,W Pinhook Rd,Lafayette,LA,US,70503",-92.014172,30.203034,,,,,,,0,7,,,,,,,,,,,,,,,
128,Intersections,83,SIMCOE @ ST JOHN,"698,W Simcoe St,Lafayette,LA,US,70501",-92.022867,30.230548,,,,,,,0,7,,,,,,,,,,,,,,,
129,Intersections,84,SB THRUWAY @ TAFT,"104,14th St,Lafayette,LA,US,70501",-92.008171,30.220523,,,,,,,0,7,,,,,,,,,,,,,,,
130,Intersections,85,NB THRUWAY @ 14TH,"121-201,14th St,Lafayette,LA,US,70501",-92.007313,30.22088,,,,,,,0,7,,,,,,,,,,,,,,,
131,Intersections,86,ST MARY @ HEYMANN,"1015,E St Mary Blvd,Lafayette,LA,US,70503",-92.013194,30.20803,,,,,,,0,7,,,,,,,,,,,,,,,
132,Intersections,87,ST MARY @ COOLIDGE,"720-798,Coolidge St,Lafayette,LA,US,70503",-92.013795,30.208483,,,,,,,0,7,,,,,,,,,,,,,,,
133,Intersections,88,ST MARY @ TAFT,"220,Stewart St,Lafayette,LA,US,70501",-92.016009,30.220523,,,,,,,0,7,,,,,,,,,,,,,,,
134,Intersections,89,ST MARY @ MCKINLEY/GIRARD PARK,"600,E St Mary Blvd,Lafayette,LA,US,70503",-92.0177,30.21139,,,,,,,0,7,,,,,,,,,,,,,,,
135,Intersections,90,ST MARY @ HEBRARD,"683-699,Hebrard Blvd,Lafayette,LA,US,70503",-92.019679,30.212926,,,,,,,0,7,,,,,,,,,,,,,,,
136,Intersections,91,ST MARY @ ST LANDRY,"605-699,W St Mary Blvd,Lafayette,LA,US,70506",-92.026315,30.217882,,,,,,,0,7,,,,,,,,,,,,,,,
137,Intersections,92,SURREY @ 12TH,"712,LA 728-8,Lafayette,LA,US,70501",-92.002581,30.226809,,,,,,,0,7,,,,,,,,,,,,,,,
138,Intersections,93,VERMILION @ LEE,"400,E Vermilion St,Lafayette,LA,US,70501",-92.016567,30.224024,,,,,,,0,7,,,,,,,,,,,,,,,
139,Intersections,94,JEFFERSON @ LAMAR,"1335,Jefferson St,Lafayette,LA,US,70501",-92.014444,30.218148,,,,,,,0,7,,,,,,,,,,,,,,,
140,Intersections,95,WILLOW @ CORA,"301-399,Cora St,Lafayette,LA,US,70501",-92.027097,30.245763,,,,,,,0,7,,,,,,,,,,,,,,,
141,Intersections,96,VEROT SCHOOL @ DIGBY,"2279-2299,LA-339,Lafayette,LA,US,70508",-92.026651,30.152634,,,,,,,0,7,,,,,,,,,,,,,,,
142,Intersections,97,KALISTE @ RIVER RANCH,"1803,Kaliste Saloom Rd,Lafayette,LA,US,70508",-92.034288,30.168688,,,,,,,0,7,,,,,,,,,,,,,,,
143,Intersections,98,CAMELLIA @ CAMBRIDGE,"313,Cambridge Dr,Lafayette,LA,US,70503",-92.053629,30.18712,,,,,,,0,7,,,,,,,,,,,,,,,
144,Intersections,99,CONGRESS @ GUILBEAU,"415,Guilbeau Rd,Lafayette,LA,US,70506",-92.07007,30.198256,,,,,,,0,7,,,,,,,,,,,,,,,
145,Intersections,100,BENDEL @ MARGUERITE,"101,Marguerite Blvd,Lafayette,LA,US,70503",-92.018597,30.200826,,,,,,,0,7,,,,,,,,,,,,,,,
146,Intersections,101,PINHOOK @ SAGE GLENN,"2437-2499,LA-182,Lafayette,LA,US,70508",-92.004122,30.180332,,,,,,,0,7,,,,,,,,,,,,,,,
147,Intersections,102,SIMCOE @ ST ANTOINE,"820-898,W Simcoe St,Lafayette,LA,US,70501",-92.024926,30.230551,,,,,,,0,7,,,,,,,,,,,,,,,
148,Intersections,103,ST ANTOINE @ MADELINE,"500-598,N St Antoine St,Lafayette,LA,US,70501",-92.024925,30.238185,,,,,,,0,7,,,,,,,,,,,,,,,
149,Intersections,104,MLK @ ST ANTOINE,"1523-1549,N St Antoine St,Lafayette,LA,US,70501",-92.025527,30.249668,,,,,,,0,7,,,,,,,,,,,,,,,
150,Intersections,105,VEROT SCHOOL @ RUE LOUIS XIV,"1555,Verot School Rd,Lafayette,LA,US,70508",-92.020575,30.165348,,,,,,,0,7,,,,,,,,,,,,,,,
151,Intersections,106,PINHOOK @ VEROT SCHOOL,"151-199,E Verot School Rd,Lafayette,LA,US,70508",-92.00236,30.176732,,,,,,,0,7,,,,,,,,,,,,,,,
152,Intersections,107,AMBASSADOR @ KALISTE,"2517-2603,Kaliste Saloom Rd,Lafayette,LA,US,70508",-92.048334,30.156484,,,,,,,0,7,,,,,,,,,,,,,,,
153,Intersections,108,BERTRAND @ DEVALCOURT,"1101-1103,LA-3025,Lafayette,LA,US,70506",-92.049271,30.218245,,,,,,,0,7,,,,,,,,,,,,,,,
154,Intersections,109,KALISTE SALOOM @ RUE LOUIS XIV,"1235,Kaliste Saloom Rd,Lafayette,LA,US,70508",-92.029834,30.172837,,,,,,,0,7,,,,,,,,,,,,,,,
155,Intersections,110,KALISTE @ BEADLE,"100,S Beadle Rd,Lafayette,LA,US,70508",-92.02247,30.180186,,,,,,,0,7,,,,,,,,,,,,,,,
156,Intersections,111,KALISTE @ E. BAYOU/FEU FOLLET,"445-503,Kaliste Saloom Rd,Lafayette,LA,US,70508",-92.017253,30.182888,,,,,,,0,7,,,,,,,,,,,,,,,
157,Intersections,112,KALISTE @ MARTIAL,"101,E Martial Ave,Lafayette,LA,US,70508",-92.039816,30.164768,,,,,,,0,7,,,,,,,,,,,,,,,
158,Intersections,113,KALISTE @ HUGH WALLIS,"451-499,E Kaliste Saloom Rd,Lafayette,LA,US,70508",-92.005421,30.195733,,,,,,,0,7,,,,,,,,,,,,,,,
159,Intersections,114,JOHNSTON @ GOUDCHAUX,"5754,US-167,Lafayette,LA,US,70503",-92.079563,30.173243,,,,,,,0,7,,,,,,,,,,,,,,,
160,Intersections,115,JOHNSTON @ WESTMARK,"5121-5177,US-167,Lafayette,LA,US,70503",-92.070164,30.182425,,,,,,,0,7,,,,,,,,,,,,,,,
161,Intersections,116,JOHNSTON @ SEARS,"5692-5708,US-167,Lafayette,LA,US,70503",-92.077582,30.175176,,,,,,,0,7,,,,,,,,,,,,,,,
162,Intersections,117,JOHNSTON @ FOREMAN/WOODVALE,"101,Foreman Dr,Lafayette,LA,US,70506",-92.052114,30.202339,,,,,,,0,7,,,,,,,,,,,,,,,
163,Intersections,118,JOHNSTON @ CAJUNDOME/TWINOAKS,"2401,US-167,Lafayette,LA,US,70503",-92.033822,30.209198,,,,,,,0,7,,,,,,,,,,,,,,,
164,Intersections,119,LOUISIANA @ SURREY,"801,Louisiana Ave,Lafayette,LA,US,70501",-92.004598,30.228226,,,,,,,0,7,,,,,,,,,,,,,,,
165,Intersections,120,LOUISIANA @ SIMCOE,"1106,E Simcoe St,Lafayette,LA,US,70501",-92.003017,30.230001,,,,,,,0,7,,,,,,,,,,,,,,,
166,Intersections,121,LOUISIANA @ WILLOW,"2400-2498,Louisiana Ave,Lafayette,LA,US,70501",-92.000348,30.245532,,,,,,,0,7,,,,,,,,,,,,,,,
167,Intersections,122,LOUISIANA @ ALEXANDER,"500-610,E Alexander St,Lafayette,LA,US,70501",-91.999435,30.255102,,,,,,,0,7,,,,,,,,,,,,,,,
168,Intersections,123,WILLOW @ TEURLINGS,"1,Teurlings Dr,Lafayette,LA,US,70501",-91.988932,30.244028,,,,,,,0,7,,,,,,,,,,,,,,,
169,Intersections,124,PINHOOK @ CARMEL,"900-946,LA-94,Lafayette,LA,US,70501",-91.992703,30.233397,,,,,,,0,7,,,,,,,,,,,,,,,
170,Intersections,125,MOSS @ CASTILLE,"1904,Moss St,Lafayette,LA,US,70501",-92.005913,30.248238,,,,,,,0,7,,,,,,,,,,,,,,,
171,Intersections,126,WILLOW @ PIERCE,"306,W Willow St,Lafayette,LA,US,70501",-92.017408,30.245196,,,,,,,0,7,,,,,,,,,,,,,,,
172,Intersections,127,WILLOW @ ST ANTOINE,"1385-1399,N St Antoine St,Lafayette,LA,US,70501",-92.023368,30.245587,,,,,,,0,7,,,,,,,,,,,,,,,
173,Intersections,128,UNIVERSITY @ LA 723 RENAUD,"2200,NE Frontage Rd,Lafayette,LA,US,70501",-92.013821,30.254249,,,,,,,0,7,,,,,,,,,,,,,,,
174,Intersections,129,UNIVERSITY @ I-10 EB,"1618,N University Ave,Lafayette,LA,US,70506",-92.035713,30.250707,,,,,,,0,7,,,,,,,,,,,,,,,
175,Intersections,130,UNIVERSITY @ I-10 WB,"1698,LA-182,Lafayette,LA,US,70507",-92.036362,30.251861,,,,,,,0,7,,,,,,,,,,,,,,,
176,Intersections,131,UNIVERSITY @ WILLOW,"1175-1199,W Willow St,Lafayette,LA,US,70501",-92.032744,30.244492,,,,,,,0,7,,,,,,,,,,,,,,,
177,Intersections,132,AMBASSADOR @ CAMERON,"905,Ambassador Caffery Pkwy,Lafayette,LA,US,70506",-92.062469,30.233061,,,,,,,0,7,,,,,,,,,,,,,,,
178,Intersections,133,PINHOOK @ BENDEL,"1351,W Pinhook Rd,Lafayette,LA,US,70503",-92.01639,30.199103,,,,,,,0,7,,,,,,,,,,,,,,,
179,Intersections,134,CONGRESS @ DOMINGUE,"100,N Domingue Ave,Lafayette,LA,US,70506",-92.08355,30.195855,,,,,,,0,7,,,,,,,,,,,,,,,
180,Intersections,135,AMBASSADOR @ ERASTE LANDRY,"2107,Eraste Landry Rd,Lafayette,LA,US,70506",-92.075858,30.219127,,,,,,,0,7,,,,,,,,,,,,,,,
181,Intersections,136,AMBASSADOR @ DULLES,"1411-1499,Dulles Dr,Lafayette,LA,US,70506",-92.07565,30.210529,,,,,,,0,7,,,,,,,,,,,,,,,
182,Intersections,137,AMBASSADOR @ GUILBEAU,"824,Guilbeau Rd,Lafayette,LA,US,70506",-92.075254,30.202471,,,,,,,0,7,,,,,,,,,,,,,,,
183,Intersections,138,AMBASSADOR @ CONGRESS,"4131-4199,W Congress St,Lafayette,LA,US,70506",-92.075205,30.195991,,,,,,,0,7,,,,,,,,,,,,,,,
184,Intersections,139,AMBASSADOR @ RIDGE,"199,LA-93,Lafayette,LA,US,70506",-92.074993,30.18133,,,,,,,0,7,,,,,,,,,,,,,,,
185,Intersections,140,AMBASSADOR @ ROBLEY,"3801,LA-3073,Lafayette,LA,US,70503",-92.066143,30.171169,,,,,,,0,7,,,,,,,,,,,,,,,
186,Intersections,141,AMBASSADOR @ DOVER,"154,Dover Blvd,Lafayette,LA,US,70503",-92.060954,30.166893,,,,,,,0,7,,,,,,,,,,,,,,,
187,Intersections,142,CONGRESS @ CAJUNDOME,"2339-2345,W Congress St,Lafayette,LA,US,70506",-92.041213,30.218805,,,,,,,0,7,,,,,,,,,,,,,,,
188,Intersections,143,JEFFERSON @ TAFT,"1800-1814,Jefferson St,Lafayette,LA,US,70501",-92.011313,30.215947,,,,,,,0,7,,,,,,,,,,,,,,,
189,Intersections,144,CAMELLIA @ MT VERNON/ACADEMY,"431-437,Camellia Blvd,Lafayette,LA,US,70508",-92.051322,30.184218,,,,,,,0,7,,,,,,,,,,,,,,,
190,Intersections,145,NB THRUWAY @ 2ND,"305-399,E 2nd St,Lafayette,LA,US,70501",-92.012939,30.230515,,,,,,,0,7,,,,,,,,,,,,,,,
191,Intersections,146,SB THRUWAY @ 2ND,"300,E 2nd St,Lafayette,LA,US,70501",-92.013415,30.230326,,,,,,,0,7,,,,,,,,,,,,,,,
192,Intersections,147,UNIVERSITY @ GENERAL MOUTON,"307,E University Ave,Lafayette,LA,US,70501",-92.005487,30.208419,,,,,,,0,7,,,,,,,,,,,,,,,
193,Intersections,148,MOSS @ GLORIA SWITCH,"4598,County Hwy 728-1,Lafayette,LA,US,70507",-92.00732,30.294781,,,,,,,0,7,,,,,,,,,,,,,,,
194,Intersections,149,THRUWAY @ TOWER,"205,Jet Ranger X Dr,Lafayette,LA,US,70508",-92.000663,30.205612,,,,,,,0,7,,,,,,,,,,,,,,,
195,Intersections,150,THRUWAY @ KALISTE,"700,SW Evangeline Thruway,Lafayette,LA,US,70508",-91.999885,30.20078,,,,,,,0,7,,,,,,,,,,,,,,,
196,Intersections,151,AMBASSADOR @ BERTRAND,"1929,Bertrand Dr,Lafayette,LA,US,70506",-92.06231,30.228475,,,,,,,0,7,,,,,,,,,,,,,,,
197,Intersections,152,AMBASSADOR @ DILLARD,"3631,LA-3073,Lafayette,LA,US,70503",-92.069833,30.174213,,,,,,,0,7,,,,,,,,,,,,,,,
198,Intersections,153,THRUWAY @ VEROT SCHOOL,"2628,US-90,Lafayette,LA,US,70508",-91.989827,30.182808,,,,,,,0,7,,,,,,,,,,,,,,,
199,Intersections,154,PINHOOK @ SOUTHPARK,"3527-3555,LA-182,Lafayette,LA,US,70508",-91.991556,30.161042,,,,,,,0,7,,,,,,,,,,,,,,,
200,Intersections,155,THRUWAY @ SOUTHPARK,"151-183,N Southpark Rd,Lafayette,LA,US,70508",-91.979831,30.171388,,,,,,,0,7,,,,,,,,,,,,,,,
201,Intersections,156,AMBASSADOR @ TUCKER,"3611-3621,LA-3073,Lafayette,LA,US,70503",-92.070773,30.174988,,,,,,,0,7,,,,,,,,,,,,,,,
202,Intersections,157,BERTRAND @ ERASTE LANDRY,"1579-1581,LA-3184,Lafayette,LA,US,70506",-92.05469,30.224059,,,,,,,0,7,,,,,,,,,,,,,,,
203,Intersections,158,CONGRESS @ LA 93 RUE DE BELIER,"698,LA-93,Lafayette,LA,US,70506",-92.092023,30.195792,,,,,,,0,7,,,,,,,,,,,,,,,
204,Intersections,159,PINHOOK @ CORPORATE/PINEHURST,"2200,LA-182,Lafayette,LA,US,70508",-92.009347,30.184698,,,,,,,0,7,,,,,,,,,,,,,,,
205,Intersections,160,PINHOOK @ LA RUE FRANCE/JOE OLIVER,"1603,W Pinhook Rd,Lafayette,LA,US,70508",-92.016064,30.194382,,,,,,,0,7,,,,,,,,,,,,,,,
206,Intersections,161,AMBASSADOR @ FERM BOUSTANY,"201,Frem Boustany Dr,Lafayette,LA,US,70508",-92.040591,30.150131,,,,,,,0,7,,,,,,,,,,,,,,,
207,Intersections,162,COLLEGE @ BACQUE CRESENT/COULEE SHORE,"304,Bacque Crescent Dr,Lafayette,LA,US,70503",-92.028919,30.200771,,,,,,,0,7,,,,,,,,,,,,,,,
208,Intersections,163,NB THRUWAY @ DONLON,"1273-1299,US-167,Lafayette,LA,US,70501",-92.01299,30.240253,,,,,,,0,7,,,,,,,,,,,,,,,
209,Intersections,164,SB THRUWAY @ DONLON,"1273-1299,US-167,Lafayette,LA,US,70501",-92.01299,30.240253,,,,,,,0,7,,,,,,,,,,,,,,,
210,Intersections,165,AMBASSADOR @ I-10 W,,-92.065591,30.244894,,,,,,,0,7,,,,,,,,,,,,,,,
211,Intersections,166,AMBASSADOR @ WILLOW,"2198,W Willow St,Scott,LA,US,70583",-92.066244,30.243239,,,,,,,0,7,,,,,,,,,,,,,,,
212,Intersections,167,3RD @ PIERCE GARFIELD 2ND,"251-299,W Second St,Lafayette,LA,US,70501",-92.018781,30.227746,,,,,,,0,7,,,,,,,,,,,,,,,
213,Intersections,168,AMBASSADOR @ VEROT SCHOOL,"5044,LA-3073,Lafayette,LA,US,70508",-92.032533,30.145836,,,,,,,0,7,,,,,,,,,,,,,,,
214,Intersections,169,AMBASSADOR @ BONAIRE,"100-198,Bonaire Dr,Lafayette,LA,US,70506",-92.075083,30.19147,,,,,,,0,7,,,,,,,,,,,,,,,
215,Intersections,170,COLLEGE @ KALISTE,"217-263,E Kaliste Saloom Rd,Lafayette,LA,US,70508",-92.00966,30.193555,,,,,,,0,7,,,,,,,,,,,,,,,
216,Intersections,171,BERTRAND @ DULLES BILLEAU,"1400-1418,LA-3025,Lafayette,LA,US,70506",-92.052199,30.22256,,,,,,,0,7,,,,,,,,,,,,,,,
217,Intersections,172,CONGRESS @ THEATER,"2433,W Congress St,Lafayette,LA,US,70506",-92.049715,30.212986,,,,,,,0,7,,,,,,,,,,,,,,,
218,Intersections,173,AMBASSADOR @ WESTMARK,"299,Westmark Blvd,Lafayette,LA,US,70506",-92.074979,30.184397,,,,,,,0,7,,,,,,,,,,,,,,,
219,Intersections,174,ERASTE LANDRY @ CAJUNDOME,"801,Cajundome Blvd,Lafayette,LA,US,70506",-92.046929,30.227787,,,,,,,0,7,,,,,,,,,,,,,,,
220,Intersections,175,DULLES @ FOREMAN,"537-593,Dulles Dr,Lafayette,LA,US,70506",-92.063161,30.214465,,,,,,,0,7,,,,,,,,,,,,,,,
221,Intersections,176,UNIVERSITY @ HEBRARD,"317,LA-182,Lafayette,LA,US,70503",-92.016977,30.215789,,,,,,,0,7,,,,,,,,,,,,,,,
222,Intersections,177,JOHNSTON @ DUHON ROAD,"6004,Johnston St,Lafayette,LA,US,70503",-92.082879,30.167137,,,,,,,0,7,,,,,,,,,,,,,,,
223,Intersections,178,PINHOOK @ BEAU PRE,"100-198,S Beau Pre Rd,Lafayette,LA,US,70508",-91.997987,30.165645,,,,,,,0,7,,,,,,,,,,,,,,,
224,Intersections,179,PINHOOK @ BONIN,"200-298,Bonin Rd,Lafayette,LA,US,70508",-91.995904,30.164096,,,,,,,0,7,,,,,,,,,,,,,,,
225,Intersections,180,LOUISIANA @ PONT DES MOUTON,,-92.992605,30.272294,,,,,,,0,7,,,,,,,,,,,,,,,
226,Intersections,181,LOUISIANA @ WB I-10 RAMP,,-92.992432,30.26863,,,,,,,0,7,,,,,,,,,,,,,,,
227,Intersections,182,UNIVERSITY @ PONT DES MOUTON,"2701,N University Ave,Lafayette,LA,US,70507",-92.049477,30.275891,,,,,,,0,7,,,,,,,,,,,,,,,
228,Intersections,183,CAMELLIA @ KALISTE,"1329,Camellia Blvd,Lafayette,LA,US,70508",-92.035791,30.167269,,,,,,,0,7,,,,,,,,,,,,,,,
229,Intersections,184,VEROT SCHOOL @ CAMELLIA,"1905,LA-339,Lafayette,LA,US,70508",-92.022593,30.160365,,,,,,,0,7,,,,,,,,,,,,,,,
230,Intersections,185,E GLORIA SWITCH @ I-49 NB RAMP,"101,E Gloria Switch Rd,Lafayette,LA,US,70507",-92.02448,30.295537,,,,,,,0,7,,,,,,,,,,,,,,,
231,Intersections,186,E GLORIA SWITCH @ I-49 FRONTAGE RD,,-92.023611,30.295499,,,,,,,0,7,,,,,,,,,,,,,,,
232,Intersections,187,AMBASSADOR @ WALMART ACCESS RD,"3127-3147,LA-3073,Lafayette,LA,US,70506",-92.07493,30.188366,,,,,,,0,7,,,,,,,,,,,,,,,
233,Intersections,188,THRUWAY @ CASTILLE,"2014,NE Evangeline Throughway,Lafayette,LA,US,70501",-92.012788,30.24981,,,,,,,0,7,,,,,,,,,,,,,,,
234,Intersections,189,AMBASSADOR @ Settlers trace,,-92.052001,30.159753,,,,,,,0,7,,,,,,,,,,,,,,,
235,Intersections,190,MARTIAL @ SETTLERS TRACE,"401,Settlers Trace Blvd,Lafayette,LA,US,70508",-92.042499,30.166829,,,,,,,0,7,,,,,,,,,,,,,,,
236,Intersections,191,CAMELLIA @ SETTLERS TRACE,"1249,Camellia Blvd,Lafayette,LA,US,70508",-92.038837,30.170069,,,,,,,0,7,,,,,,,,,,,,,,,
237,Intersections,192,CAMELLIA @ SILVERSTONE,"1201,Camellia Blvd,Lafayette,LA,US,70508",-92.040025,30.172986,,,,,,,0,7,,,,,,,,,,,,,,,
238,Intersections,193,KALISTE SALOOM @ LAKE FARM RD,"2319,Kaliste Saloom Rd,Lafayette,LA,US,70508",-92.045517,30.159331,,,,,,,0,7,,,,,,,,,,,,,,,
239,Intersections,194,AMBASSADOR @ CRESENT RANCH BLVD,"4589-4799,LA-3073,Lafayette,LA,US,70508",-92.044339,30.153175,,,,,,,0,7,,,,,,,,,,,,,,,
240,Intersections,195,AMBASSADOR @ VA CLINIC,"3146,Ambassador Caffery Pkwy,Lafayette,LA,US,70506",-92.075027,30.18687,,,,,,,0,7,,,,,,,,,,,,,,,
